24 de juny, Sant Joan - Plaça del Blat de Valls
Primer diumenge després de Sant Pere (29 de juny) Festa Major - Raval de Montserrat de Terrassa
Diumenge anterior a Les Santes (27 de juliol) Diada de Les Santes en la Festa Major de Mataró
Dissabte anterior al 5 d'agost (Mare de Déu de les Neus), Festa Major de Vilanova i la Geltrú
15 d'agost, Mare de Déu d'Agost - La Bisbal del Penedès
Quart cap de setmana d'agost (dissabte) Festa Major - Plaça de la Vila del Catllar.
Quart diumenge d'agost - Festa Major de L'Arboç i Festa Major d'Igualada
30 d'agost, Diada de Sant Fèlix - Plaça de la Vila de Vilafranca del Penedès
Diumenge de setembre anterior a Santa Tecla (23 de setembre) (Diada Primer Diumenge de les Festes de Santa Tecla) - Plaça de la Font (Tarragona)
23 de setembre, Festes de Santa Tecla de Tarragona - Plaça de la Font de Tarragona
24 de setembre, Diada de colles locals de La Mercè - Plaça Sant Jaume de Barcelona
Diumenge de setembre més proper a La Mercè (24 de setembre), Diada històrica de la Mercè - Plaça Sant Jaume de Barcelona
Primer cap de setmana d'octubre dels anys parells - Plaça de braus de Tarragona (Concursos de castells)
Primer diumenge d'octubre dels anys imparells - Diada del Mercadal a Reus
Diumenge més proper a Santa Teresa (15 d'octubre) - Diada de Santa Teresa a la Plaça Vella del Vendrell
Primer diumenge després de Santa Úrsula (21 d'octubre) - Diada de Santa Úrsula a la Plaça del Blat de Valls
Dissabte més proper a Santa Úrsula - Diada de l'Esperidió al Pla de la Seu de Tarragona
Diumenge més proper a Sant Narcís (25 d'octubre) - Diada de Sant Narcís a la Plaça del Vi de Girona
1 de novembre, Tots sants - Plaça de la vila de Vilafranca del Penedès
Tercer cap de setmana de novembre, Diada dels Minyons de Terrassa - Raval de Montserrat de Terrassa